<?xml version='1.0' encoding='UTF-8'?>

<server xmlns="urn:jboss:domain:5.0">
    <extensions>
        <extension module="org.jboss.as.clustering.infinispan"/>
        <extension module="org.jboss.as.clustering.jgroups"/>
        <extension module="org.jboss.as.connector"/>
        <extension module="org.jboss.as.deployment-scanner"/>
        <extension module="org.jboss.as.ee"/>
        <extension module="org.jboss.as.ejb3"/>
        <extension module="org.jboss.as.jaxrs"/>
        <extension module="org.jboss.as.jdr"/>
        <extension module="org.jboss.as.jmx"/>
        <extension module="org.jboss.as.jpa"/>
        <extension module="org.jboss.as.jsf"/>
        <extension module="org.jboss.as.jsr77"/>
        <extension module="org.jboss.as.logging"/>
        <extension module="org.jboss.as.mail"/>
        <extension module="org.jboss.as.modcluster"/>
        <extension module="org.jboss.as.naming"/>
        <extension module="org.jboss.as.pojo"/>
        <extension module="org.jboss.as.remoting"/>
        <extension module="org.jboss.as.sar"/>
        <extension module="org.jboss.as.security"/>
        <extension module="org.jboss.as.transactions"/>
        <extension module="org.jboss.as.webservices"/>
        <extension module="org.jboss.as.weld"/>
        <extension module="org.wildfly.extension.batch.jberet"/>
        <extension module="org.wildfly.extension.bean-validation"/>
        <extension module="org.wildfly.extension.clustering.singleton"/>
        <extension module="org.wildfly.extension.core-management"/>
        <extension module="org.wildfly.extension.io"/>
        <extension module="org.wildfly.extension.messaging-activemq"/>
        <extension module="org.wildfly.extension.request-controller"/>
        <extension module="org.wildfly.extension.security.manager"/>
        <extension module="org.wildfly.extension.undertow"/>
        <extension module="org.wildfly.iiop-openjdk"/>
    </extensions>
    <vault>
        <vault-option name="KEYSTORE_URL" value="${jboss.server.base.dir}/vault/default.vault"/>
        <vault-option name="KEYSTORE_PASSWORD" value="MASK-emoF25g5hNNliDa2KP9p1vwINtVnUr9n"/>
        <vault-option name="KEYSTORE_ALIAS" value="vault"/>
        <vault-option name="SALT" value="jbossadm"/>
        <vault-option name="ITERATION_COUNT" value="50"/>
        <vault-option name="ENC_FILE_DIR" value="${jboss.server.base.dir}/vault/"/>
    </vault>
    <management>
        <security-realms>
            <security-realm name="ManagementRealm">
                <authentication>
                    <local default-user="$local" skip-group-loading="true"/>
                    <properties path="mgmt-users.properties" relative-to="jboss.server.config.dir"/>
                </authentication>
                <authorization map-groups-to-roles="true">
                    <properties path="mgmt-groups.properties" relative-to="jboss.server.config.dir"/>
                </authorization>
            </security-realm>
            <security-realm name="ApplicationRealm">
                <authentication>
                    <local default-user="$local" allowed-users="*" skip-group-loading="true"/>
                    <properties path="application-users.properties" relative-to="jboss.server.config.dir"/>
                </authentication>
                <authorization>
                    <properties path="application-roles.properties" relative-to="jboss.server.config.dir"/>
                </authorization>
            </security-realm>
            <security-realm name="CustomRealm">
                <server-identities>
                    <ssl>
                        <engine enabled-protocols="TLSv1.1 TLSv1.2"/>
                        <keystore path="/tech/appl/envctrl/JBAdminKeyStore/${HOST_NAME}.jks" keystore-password="${VAULT::SSL::MGMTSSL::1}" alias="${HOST_NAME}"/>
                    </ssl>
                </server-identities>
                <authentication>
                    <local default-user="$local" skip-group-loading="true"/>
                    <jaas name="MultipleLoginModule" assign-groups="true"/>
                </authentication>
            </security-realm>
        </security-realms>
        <audit-log>
            <formatters>
                <json-formatter name="json-formatter" compact="false" date-separator="~"/>
            </formatters>
            <handlers>
                <file-handler name="file" formatter="json-formatter" path="${jboss.jvm.name}_audit.log" relative-to="jboss.server.log.dir"/>
            </handlers>
            <logger log-boot="true" log-read-only="false" enabled="true">
                <handlers>
                    <handler name="file"/>
                </handlers>
            </logger>
        </audit-log>
        <management-interfaces>
            <http-interface security-realm="CustomRealm">
                <http-upgrade enabled="true"/>
                <socket-binding http="management-http" https="management-https"/>
            </http-interface>
        </management-interfaces>
        <access-control provider="rbac">
            <role-mapping>
                <role name="SuperUser">
                    <include>
                        <user name="$local"/>
                        <group alias="IBM_JB_ADMINS" realm="CustomRealm" name="IBM_JB_ADMINS"/>
                        <group alias="COGNIZANT_JB_ADMINS" realm="CustomRealm" name="COGNIZANT_JB_ADMINS"/>
                        <user alias="jbadmin" realm="CustomRealm" name="jbadmin"/>
                    </include>
                </role>
                <role name="Monitor">
                    <include>
                        <user alias="jbmon" name="jbmon"/>
                        <user alias="readonly" name="readonly"/>
                    </include>
                </role>
                <role name="Deployer">
                    <include>
                        <group alias="AHP_Deployers" realm="CustomRealm" name="AHP_Deployers"/>
                        <user alias="jbdeploy" realm="CustomRealm" name="jbdeploy"/>
                    </include>
                </role>
                <role name="Administrator"/>
            </role-mapping>
        </access-control>
    </management>
    <profile>
        <subsystem xmlns="urn:jboss:domain:logging:3.0">
            <periodic-rotating-file-handler name="FILE" autoflush="true">
                <level name="DEBUG"/>
                <formatter>
                    <named-formatter name="PATTERN"/>
                </formatter>
                <file relative-to="jboss.server.log.dir" path="ti-rulesper_s01.log"/>
                <suffix value=".yyyy-MM-dd"/>
                <append value="true"/>
            </periodic-rotating-file-handler>
            <logger category="com.arjuna">
                <level name="WARN"/>
            </logger>
            <logger category="org.jboss.as.config">
                <level name="DEBUG"/>
            </logger>
            <logger category="sun.rmi">
                <level name="WARN"/>
            </logger>
            <root-logger>
                <level name="DEBUG"/>
                <handlers>
                    <handler name="FILE"/>
                </handlers>
            </root-logger>
            <formatter name="PATTERN">
                <pattern-formatter pattern="%d{yyyy-MM-dd HH:mm:ss,SSS} %-5p [%c] (%t) %s%e%n"/>
            </formatter>
            <formatter name="COLOR-PATTERN">
                <pattern-formatter pattern="%K{level}%d{HH:mm:ss,SSS} %-5p [%c] (%t) %s%e%n"/>
            </formatter>
        </subsystem>
        <subsystem xmlns="urn:jboss:domain:batch-jberet:2.0">
            <default-job-repository name="in-memory"/>
            <default-thread-pool name="batch"/>
            <job-repository name="in-memory">
                <in-memory/>
            </job-repository>
            <thread-pool name="batch">
                <max-threads count="10"/>
                <keepalive-time time="30" unit="seconds"/>
            </thread-pool>
        </subsystem>
        <subsystem xmlns="urn:jboss:domain:bean-validation:1.0"/>
        <subsystem xmlns="urn:jboss:domain:core-management:1.0"/>
        <subsystem xmlns="urn:jboss:domain:datasources:5.0">
            <datasources>
                <datasource jndi-name="java:jboss/datasources/ExampleDS" pool-name="ExampleDS" enabled="true" use-java-context="true" statistics-enabled="true">
                    <connection-url>jdbc:h2:mem:test;DB_CLOSE_DELAY=-1;DB_CLOSE_ON_EXIT=FALSE</connection-url>
                    <driver>h2</driver>
                    <pool>
                        <min-pool-size>5</min-pool-size>
                        <max-pool-size>20</max-pool-size>
                    </pool>
                    <security>
                        <user-name>sa</user-name>
                        <password>${VAULT::DS::ExampleDS::1}</password>
                    </security>
                </datasource>
                <datasource jndi-name="java:jboss/datasources/UWRulesDS" pool-name="UWRulesDS" enabled="true" statistics-enabled="true">
                    <connection-url>jdbc:oracle:thin:@xdhfd2-oltpnp-scan:1521/icnu_dev_oltp.thehartford.com</connection-url>
                    <driver>oracle</driver>
                    <pool>
                        <min-pool-size>1</min-pool-size>
                        <max-pool-size>25</max-pool-size>
                    </pool>
                    <security>
                        <user-name>REPINT_APPL</user-name>
                        <password>${VAULT::DS::UWRulesDS::1}</password>
                    </security>
                    <validation>
                        <valid-connection-checker class-name="org.jboss.jca.adapters.jdbc.extensions.oracle.OracleValidConnectionChecker"/>
                        <check-valid-connection-sql>select 1 from dual</check-valid-connection-sql>
                        <validate-on-match>true</validate-on-match>
                        <background-validation>false</background-validation>
                        <use-fast-fail>true</use-fast-fail>
                        <stale-connection-checker class-name="org.jboss.jca.adapters.jdbc.extensions.oracle.OracleStaleConnectionChecker"/>
                        <exception-sorter class-name="org.jboss.jca.adapters.jdbc.extensions.oracle.OracleExceptionSorter"/>
                    </validation>
                    <timeout>
                        <allocation-retry>5</allocation-retry>
                        <allocation-retry-wait-millis>5000</allocation-retry-wait-millis>
                    </timeout>
                </datasource>
                <datasource jndi-name="java:jboss/datasources/UWRulesDB2DS" pool-name="UWRulesDB2DS" statistics-enabled="true">
                    <connection-url>jdbc:db2://rmnode1:446/SIMSDB2E</connection-url>
                    <driver>ibmdb2</driver>
                    <pool>
                        <min-pool-size>1</min-pool-size>
                        <max-pool-size>15</max-pool-size>
                    </pool>
                    <security>
                        <user-name>esub01</user-name>
                        <password>${VAULT::DS::UWRulesDB2DS::1}</password>
                    </security>
                    <validation>
                        <valid-connection-checker class-name="org.jboss.jca.adapters.jdbc.extensions.db2.DB2ValidConnectionChecker"/>
                        <check-valid-connection-sql>SQL SELECT COUNT(*) FROM SYSIBM.SYSTABLES</check-valid-connection-sql>
                        <validate-on-match>true</validate-on-match>
                        <background-validation>false</background-validation>
                        <use-fast-fail>true</use-fast-fail>
                        <stale-connection-checker class-name="org.jboss.jca.adapters.jdbc.extensions.db2.DB2StaleConnectionChecker"/>
                        <exception-sorter class-name="org.jboss.jca.adapters.jdbc.extensions.db2.DB2ExceptionSorter"/>
                    </validation>
                    <timeout>
                        <allocation-retry>5</allocation-retry>
                        <allocation-retry-wait-millis>5000</allocation-retry-wait-millis>
                    </timeout>
                </datasource>
                <drivers>
                    <driver name="h2" module="com.h2database.h2">
                        <xa-datasource-class>org.h2.jdbcx.JdbcDataSource</xa-datasource-class>
                    </driver>
                    <driver name="oracle" module="com.oracle">
                        <driver-class>oracle.jdbc.driver.OracleDriver</driver-class>
                        <xa-datasource-class>oracle.jdbc.xa.client.OracleXADataSource</xa-datasource-class>
                    </driver>
                    <driver name="ibmdb2" module="com.ibm">
                        <xa-datasource-class>com.ibm.jdbc.DB2XADataSource</xa-datasource-class>
                    </driver>
                </drivers>
            </datasources>
        </subsystem>
        <subsystem xmlns="urn:jboss:domain:deployment-scanner:2.0">
            <deployment-scanner path="deployments" relative-to="jboss.server.base.dir" scan-enabled="false" scan-interval="0" runtime-failure-causes-rollback="${jboss.deployment.scanner.rollback.on.failure:false}"/>
        </subsystem>
        <subsystem xmlns="urn:jboss:domain:ee:4.0">
            <spec-descriptor-property-replacement>false</spec-descriptor-property-replacement>
            <concurrent>
                <context-services>
                    <context-service name="default" jndi-name="java:jboss/ee/concurrency/context/default" use-transaction-setup-provider="true"/>
                </context-services>
                <managed-thread-factories>
                    <managed-thread-factory name="default" jndi-name="java:jboss/ee/concurrency/factory/default" context-service="default"/>
                </managed-thread-factories>
                <managed-executor-services>
                    <managed-executor-service name="default" jndi-name="java:jboss/ee/concurrency/executor/default" context-service="default" hung-task-threshold="60000" keepalive-time="5000"/>
                </managed-executor-services>
                <managed-scheduled-executor-services>
                    <managed-scheduled-executor-service name="default" jndi-name="java:jboss/ee/concurrency/scheduler/default" context-service="default" hung-task-threshold="60000" keepalive-time="3000"/>
                </managed-scheduled-executor-services>
            </concurrent>
            <default-bindings context-service="java:jboss/ee/concurrency/context/default" datasource="java:jboss/datasources/ExampleDS" jms-connection-factory="java:jboss/DefaultJMSConnectionFactory" managed-executor-service="java:jboss/ee/concurrency/executor/default" managed-scheduled-executor-service="java:jboss/ee/concurrency/scheduler/default" managed-thread-factory="java:jboss/ee/concurrency/factory/default"/>
        </subsystem>
        <subsystem xmlns="urn:jboss:domain:ejb3:5.0">
            <session-bean>
                <stateless>
                    <bean-instance-pool-ref pool-name="slsb-strict-max-pool"/>
                </stateless>
                <stateful default-access-timeout="5000" cache-ref="distributable" passivation-disabled-cache-ref="simple"/>
                <singleton default-access-timeout="5000"/>
            </session-bean>
            <mdb>
                <resource-adapter-ref resource-adapter-name="${ejb.resource-adapter-name:activemq-ra.rar}"/>
                <bean-instance-pool-ref pool-name="mdb-strict-max-pool"/>
            </mdb>
            <pools>
                <bean-instance-pools>
                    <strict-max-pool name="slsb-strict-max-pool" derive-size="from-worker-pools" instance-acquisition-timeout="5" instance-acquisition-timeout-unit="MINUTES"/>
                    <strict-max-pool name="mdb-strict-max-pool" derive-size="from-cpu-count" instance-acquisition-timeout="5" instance-acquisition-timeout-unit="MINUTES"/>
                </bean-instance-pools>
            </pools>
            <caches>
                <cache name="simple"/>
                <cache name="distributable" passivation-store-ref="infinispan" aliases="passivating clustered"/>
            </caches>
            <passivation-stores>
                <passivation-store name="infinispan" cache-container="ejb" max-size="10000"/>
            </passivation-stores>
            <async thread-pool-name="default"/>
            <timer-service thread-pool-name="default" default-data-store="default-file-store">
                <data-stores>
                    <file-data-store name="default-file-store" path="timer-service-data" relative-to="jboss.server.data.dir"/>
                </data-stores>
            </timer-service>
            <remote connector-ref="http-remoting-connector" thread-pool-name="default">
                <channel-creation-options>
                    <option name="READ_TIMEOUT" value="${prop.remoting-connector.read.timeout:20}" type="xnio"/>
                    <option name="MAX_OUTBOUND_MESSAGES" value="1234" type="remoting"/>
                </channel-creation-options>
            </remote>
            <thread-pools>
                <thread-pool name="default">
                    <max-threads count="20"/>
                    <keepalive-time time="100" unit="milliseconds"/>
                </thread-pool>
            </thread-pools>
            <iiop enable-by-default="false" use-qualified-name="false"/>
            <default-security-domain value="other"/>
            <default-missing-method-permissions-deny-access value="true"/>
            <log-system-exceptions value="true"/>
        </subsystem>
        <subsystem xmlns="urn:jboss:domain:io:2.0">
            <worker name="default"/>
            <buffer-pool name="default"/>
        </subsystem>
        <subsystem xmlns="urn:jboss:domain:infinispan:4.0">
            <cache-container name="server" aliases="singleton cluster" default-cache="default" module="org.wildfly.clustering.server">
                <transport lock-timeout="60000"/>
                <replicated-cache name="default">
                    <transaction mode="BATCH"/>
                </replicated-cache>
            </cache-container>
            <cache-container name="web" default-cache="dist" module="org.wildfly.clustering.web.infinispan">
                <transport lock-timeout="60000"/>
                <distributed-cache name="dist">
                    <locking isolation="REPEATABLE_READ"/>
                    <transaction mode="BATCH"/>
                    <file-store/>
                </distributed-cache>
            </cache-container>
            <cache-container name="ejb" aliases="sfsb" default-cache="dist" module="org.wildfly.clustering.ejb.infinispan">
                <transport lock-timeout="60000"/>
                <distributed-cache name="dist">
                    <locking isolation="REPEATABLE_READ"/>
                    <transaction mode="BATCH"/>
                    <file-store/>
                </distributed-cache>
            </cache-container>
            <cache-container name="hibernate" default-cache="local-query" module="org.hibernate.infinispan">
                <transport lock-timeout="60000"/>
                <local-cache name="local-query">
                    <eviction strategy="LRU" max-entries="10000"/>
                    <expiration max-idle="100000"/>
                </local-cache>
                <invalidation-cache name="entity">
                    <transaction mode="NON_XA"/>
                    <eviction strategy="LRU" max-entries="10000"/>
                    <expiration max-idle="100000"/>
                </invalidation-cache>
                <replicated-cache name="timestamps" mode="ASYNC"/>
            </cache-container>
        </subsystem>
        <subsystem xmlns="urn:jboss:domain:iiop-openjdk:2.0">
            <orb socket-binding="iiop"/>
            <initializers security="identity" transactions="spec"/>
            <security server-requires-ssl="false" client-requires-ssl="false"/>
        </subsystem>
        <subsystem xmlns="urn:jboss:domain:jaxrs:1.0"/>
        <subsystem xmlns="urn:jboss:domain:jca:5.0">
            <archive-validation enabled="true" fail-on-error="true" fail-on-warn="false"/>
            <bean-validation enabled="true"/>
            <default-workmanager>
                <short-running-threads>
                    <core-threads count="50"/>
                    <queue-length count="50"/>
                    <max-threads count="50"/>
                    <keepalive-time time="10" unit="seconds"/>
                </short-running-threads>
                <long-running-threads>
                    <core-threads count="50"/>
                    <queue-length count="50"/>
                    <max-threads count="50"/>
                    <keepalive-time time="10" unit="seconds"/>
                </long-running-threads>
            </default-workmanager>
            <cached-connection-manager debug="true" error="true"/>
        </subsystem>
        <subsystem xmlns="urn:jboss:domain:jdr:1.0"/>
        <subsystem xmlns="urn:jboss:domain:jgroups:5.0">
            <channels default="ee">
                <channel name="ee" stack="tcp"/>
            </channels>
            <stacks default="tcp">
                <stack name="udp">
                    <transport type="UDP" socket-binding="jgroups-udp"/>
                    <protocol type="PING"/>
                    <protocol type="MERGE3"/>
                    <protocol type="FD_SOCK" socket-binding="jgroups-udp-fd"/>
                    <protocol type="FD_ALL"/>
                    <protocol type="VERIFY_SUSPECT"/>
                    <protocol type="pbcast.NAKACK2"/>
                    <protocol type="UNICAST3"/>
                    <protocol type="pbcast.STABLE"/>
                    <protocol type="pbcast.GMS"/>
                    <protocol type="UFC"/>
                    <protocol type="MFC"/>
                    <protocol type="FRAG2"/>
                </stack>
                <stack name="tcp">
                    <transport type="TCP" socket-binding="jgroups-tcp"/>
                    <protocol type="org.jgroups.protocols.TCPPING">
                        <property name="initial_hosts">
                            
                        </property>
                        <property name="port_range">
                            0
                        </property>
                        <property name="timeout">
                            3000
                        </property>
                        <property name="num_initial_members">
                            0
                        </property>
                    </protocol>
                    <protocol type="MERGE3"/>
                    <protocol type="FD_SOCK" socket-binding="jgroups-tcp-fd"/>
                    <protocol type="FD"/>
                    <protocol type="VERIFY_SUSPECT"/>
                    <protocol type="pbcast.NAKACK2"/>
                    <protocol type="UNICAST3"/>
                    <protocol type="pbcast.STABLE"/>
                    <protocol type="pbcast.GMS"/>
                    <protocol type="MFC"/>
                    <protocol type="FRAG2"/>
                </stack>
            </stacks>
        </subsystem>
        <subsystem xmlns="urn:jboss:domain:jmx:1.3">
            <expose-resolved-model/>
            <expose-expression-model/>
            <remoting-connector/>
        </subsystem>
        <subsystem xmlns="urn:jboss:domain:jpa:1.1">
            <jpa default-datasource="" default-extended-persistence-inheritance="DEEP"/>
        </subsystem>
        <subsystem xmlns="urn:jboss:domain:jsf:1.0"/>
        <subsystem xmlns="urn:jboss:domain:jsr77:1.0"/>
        <subsystem xmlns="urn:jboss:domain:mail:3.0"/>
        <subsystem xmlns="urn:jboss:domain:messaging-activemq:2.0">
            <server name="default">
                <cluster password="${VAULT::CLUSTER::ACTIVEMQ::1}"/>
                <journal file-size="30485760"/>
                <security-setting name="#">
                    <role name="guest" send="true" consume="true" create-non-durable-queue="true" delete-non-durable-queue="true"/>
                </security-setting>
                <address-setting name="#" dead-letter-address="jms.queue.DLQ" expiry-address="jms.queue.ExpiryQueue" max-size-bytes="10485760" page-size-bytes="2097152" message-counter-history-day-limit="10" redistribution-delay="1000"/>
                <http-connector name="http-connector" socket-binding="http" endpoint="http-acceptor"/>
                <http-connector name="http-connector-throughput" socket-binding="http" endpoint="http-acceptor-throughput">
                    <param name="batch-delay" value="50"/>
                </http-connector>
                <in-vm-connector name="in-vm" server-id="0">
                    <param name="buffer-pooling" value="false"/>
                </in-vm-connector>
                <http-acceptor name="http-acceptor" http-listener="default"/>
                <http-acceptor name="http-acceptor-throughput" http-listener="default">
                    <param name="batch-delay" value="50"/>
                    <param name="direct-deliver" value="false"/>
                </http-acceptor>
                <in-vm-acceptor name="in-vm" server-id="0">
                    <param name="buffer-pooling" value="false"/>
                </in-vm-acceptor>
                <broadcast-group name="bg-group1" jgroups-channel="activemq-cluster" connectors="http-connector"/>
                <discovery-group name="dg-group1" jgroups-channel="activemq-cluster"/>
                <cluster-connection name="my-cluster" address="jms" connector-name="http-connector" discovery-group="dg-group1"/>
                <jms-queue name="ExpiryQueue" entries="java:/jms/queue/ExpiryQueue"/>
                <jms-queue name="DLQ" entries="java:/jms/queue/DLQ"/>
                <jms-queue name="AUTOReferralReplyQueue" entries="java:jboss/exported/jms/queue/AUTOReferralReplyQueue"/>
                <jms-queue name="AUTOReferralRequestQueue" entries="java:jboss/exported/jms/queue/AUTOReferralRequestQueue"/>
                <jms-queue name="BOPReferralReplyQueue" entries="java:jboss/exported/jms/queue/BOPReferralReplyQueue"/>
                <jms-queue name="BOPReferralRequestQueue" entries="java:jboss/exported/jms/queue/BOPReferralRequestQueue"/>
                <jms-queue name="ReferralReplyQueue" entries="java:jboss/exported/jms/queue/ReferralReplyQueue"/>
                <jms-queue name="ReferralRequestQueue" entries="java:jboss/exported/jms/queue/ReferralRequestQueue"/>
                <jms-queue name="AUTOProcessingReplyQueue" entries="java:jboss/exported/jms/queue/AUTOProcessingReplyQueue"/>
                <jms-queue name="AUTOProcessingRequestQueue" entries="java:jboss/exported/jms/queue/AUTOProcessingRequestQueue"/>
                <jms-queue name="BOPProcessingReplyQueue" entries="java:jboss/exported/jms/queue/BOPProcessingReplyQueue"/>
                <jms-queue name="BOPProcessingRequestQueue" entries="java:jboss/exported/jms/queue/BOPProcessingRequestQueue"/>
                <jms-queue name="ProcessingReplyQueue" entries="java:jboss/exported/jms/queue/ProcessingReplyQueue"/>
                <jms-queue name="ProcessingRequestQueue" entries="java:jboss/exported/jms/queue/ProcessingRequestQueue"/>
                <jms-topic name="UWRulesTopic" entries="java:/jms/topic/UWRulesTopic"/>
                <connection-factory name="UWRulesConnectionFactory" entries="java:jboss/exported/jms/UWRulesConnectionFactory" connectors="http-connector"/>
                <connection-factory name="InVmConnectionFactory" entries="java:/ConnectionFactory" connectors="in-vm"/>
                <connection-factory name="RemoteConnectionFactory" entries="java:jboss/exported/jms/RemoteConnectionFactory" connectors="http-connector" ha="true" block-on-acknowledge="true" reconnect-attempts="-1"/>
                <pooled-connection-factory name="activemq-ra" entries="java:/JmsXA java:jboss/DefaultJMSConnectionFactory" connectors="in-vm" transaction="xa"/>
            </server>
        </subsystem>
        <subsystem xmlns="urn:jboss:domain:modcluster:3.0">
            <mod-cluster-config advertise-socket="modcluster" advertise="false" connector="ajp">
                <dynamic-load-provider>
                    <load-metric type="busyness"/>
                </dynamic-load-provider>
            </mod-cluster-config>
        </subsystem>
        <subsystem xmlns="urn:jboss:domain:naming:2.0">
            <remote-naming/>
        </subsystem>
        <subsystem xmlns="urn:jboss:domain:pojo:1.0"/>
        <subsystem xmlns="urn:jboss:domain:remoting:4.0">
            <endpoint/>
            <http-connector name="http-remoting-connector" connector-ref="default" security-realm="ApplicationRealm"/>
        </subsystem>
        <subsystem xmlns="urn:jboss:domain:resource-adapters:5.0"/>
        <subsystem xmlns="urn:jboss:domain:request-controller:1.0"/>
        <subsystem xmlns="urn:jboss:domain:sar:1.0"/>
        <subsystem xmlns="urn:jboss:domain:security-manager:1.0">
            <deployment-permissions>
                <maximum-set>
                    <permission class="java.security.AllPermission"/>
                </maximum-set>
            </deployment-permissions>
        </subsystem>
        <subsystem xmlns="urn:jboss:domain:security:2.0">
            <security-domains>
                <security-domain name="other" cache-type="default">
                    <authentication>
                        <login-module code="Remoting" flag="optional">
                            <module-option name="password-stacking" value="useFirstPass"/>
                        </login-module>
                        <login-module code="RealmDirect" flag="required">
                            <module-option name="password-stacking" value="useFirstPass"/>
                            <module-option name="unauthenticatedIdentity" value="guest"/>
                        </login-module>
                    </authentication>
                </security-domain>
                <security-domain name="jboss-web-policy" cache-type="default">
                    <authorization>
                        <policy-module code="Delegating" flag="required"/>
                    </authorization>
                </security-domain>
                <security-domain name="jboss-ejb-policy" cache-type="default">
                    <authorization>
                        <policy-module code="Delegating" flag="required"/>
                    </authorization>
                </security-domain>
                <security-domain name="jaspitest" cache-type="default">
                    <authentication-jaspi>
                        <login-module-stack name="dummy">
                            <login-module code="Dummy" flag="optional"/>
                        </login-module-stack>
                        <auth-module code="Dummy"/>
                    </authentication-jaspi>
                </security-domain>
                <security-domain name="MultipleLoginModule" cache-type="default">
                    <authentication>
                        <login-module code="RealmDirect" flag="sufficient" module="org.jboss.as.security">
                            <module-option name="realm" value="ManagementRealm"/>
                            <module-option name="password-stacking" value="useFirstPass"/>
                        </login-module>
                        <login-module code="LdapExtended" flag="sufficient">
                            <module-option name="java.naming.factory.initial" value="com.sun.jndi.ldap.LdapCtxFactory"/>
                            <module-option name="java.naming.provider.url" value="ldaps://ad1.prod:636"/>
                            <module-option name="java.naming.security.authentication" value="simple"/>
                            <module-option name="bindDN" value="CN=svcjbadmin,OU=Service-Accounts,DC=ad1,DC=prod"/>
                            <module-option name="bindCredential" value="${VAULT::AD1::IBM::1}"/>
                            <module-option name="baseCtxDN" value="DC=ad1,DC=prod"/>
                            <module-option name="baseFilter" value="(sAMAccountName={0})"/>
                            <module-option name="rolesCtxDN" value="DC=ad1,DC=prod"/>
                            <module-option name="roleFilter" value="(member={1})"/>
                            <module-option name="roleAttributeID" value="memberOf"/>
                            <module-option name="roleNameAttributeID" value="cn"/>
                            <module-option name="roleAttributeIsDN" value="true"/>
                            <module-option name="roleRecursion" value="0"/>
                            <module-option name="allowEmptyPasswords" value="false"/>
                            <module-option name="throwValidateError" value="true"/>
                            <module-option name="searchScope" value="SUBTREE_SCOPE"/>
                        </login-module>
                    </authentication>
                </security-domain>
            </security-domains>
        </subsystem>
        <subsystem xmlns="urn:jboss:domain:singleton:1.0">
            <singleton-policies default="default">
                <singleton-policy name="default" cache-container="server">
                    <simple-election-policy/>
                </singleton-policy>
            </singleton-policies>
        </subsystem>
        <subsystem xmlns="urn:jboss:domain:transactions:4.0">
            <core-environment>
                <process-id>
                    <uuid/>
                </process-id>
            </core-environment>
            <recovery-environment socket-binding="txn-recovery-environment" status-socket-binding="txn-status-manager"/>
            <object-store path="tx-object-store" relative-to="jboss.server.data.dir"/>
        </subsystem>
        <subsystem xmlns="urn:jboss:domain:undertow:4.0">
            <buffer-cache name="default"/>
            <server name="default-server">
                <ajp-listener name="ajp" socket-binding="ajp"/>
                <http-listener name="default" socket-binding="http" redirect-socket="https" enable-http2="true"/>
                <host name="default-host" alias="localhost">
                    <location name="/" handler="welcome-content"/>
                    <access-log pattern="%h %l %u %t %r %s %b %{Referer}i %{User-Agent}i %S %T" directory="${jboss.server.log.dir}" prefix="access" suffix=".log"/>
                    <filter-ref name="server-header"/>
                    <filter-ref name="x-powered-by-header"/>
                </host>
            </server>
            <servlet-container name="default">
                <jsp-config/>
                <websockets/>
            </servlet-container>
            <handlers>
                <file name="welcome-content" path="${jboss.home.dir}/welcome-content"/>
            </handlers>
            <filters>
                <response-header name="server-header" header-name="Server" header-value="JBoss-EAP/7"/>
                <response-header name="x-powered-by-header" header-name="X-Powered-By" header-value="Undertow/1"/>
            </filters>
        </subsystem>
        <subsystem xmlns="urn:jboss:domain:webservices:2.0">
            <wsdl-host>${jboss.bind.address:127.0.0.1}</wsdl-host>
            <endpoint-config name="Standard-Endpoint-Config"/>
            <endpoint-config name="Recording-Endpoint-Config">
                <pre-handler-chain name="recording-handlers" protocol-bindings="##SOAP11_HTTP ##SOAP11_HTTP_MTOM ##SOAP12_HTTP ##SOAP12_HTTP_MTOM">
                    <handler name="RecordingHandler" class="org.jboss.ws.common.invocation.RecordingServerHandler"/>
                </pre-handler-chain>
            </endpoint-config>
            <client-config name="Standard-Client-Config"/>
        </subsystem>
        <subsystem xmlns="urn:jboss:domain:weld:4.0"/>
    </profile>
    <interfaces>
        <interface name="management">
            <inet-address value="${jboss.bind.address.management:127.0.0.1}"/>
        </interface>
        <interface name="public">
            <inet-address value="${jboss.bind.address:127.0.0.1}"/>
        </interface>
        <interface name="private">
            <inet-address value="${jboss.bind.address.private:127.0.0.1}"/>
        </interface>
        <interface name="unsecure">
            <inet-address value="${jboss.bind.address.unsecure:127.0.0.1}"/>
        </interface>
    </interfaces>
    <socket-binding-group name="standard-sockets" default-interface="public" port-offset="${jboss.socket.binding.port-offset:0}">
        <socket-binding name="management-http" interface="management" port="${jboss.management.http.port:20004}"/>
        <socket-binding name="management-https" interface="management" port="${jboss.management.https.port:20005}"/>
        <socket-binding name="ajp" port="${jboss.ajp.port:20002}"/>
        <socket-binding name="http" port="${jboss.http.port:20000}"/>
        <socket-binding name="https" port="${jboss.https.port:20001}"/>
        <socket-binding name="iiop" interface="unsecure" port="20006"/>
        <socket-binding name="iiop-ssl" interface="unsecure" port="20007"/>
        <socket-binding name="jgroups-mping" interface="private" port="0" multicast-address="${jboss.default.multicast.address:230.0.0.4}" multicast-port="20009"/>
        <socket-binding name="jgroups-tcp" interface="private" port="20010"/>
        <socket-binding name="jgroups-tcp-fd" interface="private" port="20011"/>
        <socket-binding name="jgroups-udp" interface="private" port="20012" multicast-address="${jboss.default.multicast.address:230.0.0.4}" multicast-port="20013"/>
        <socket-binding name="jgroups-udp-fd" interface="private" port="54200"/>
        <socket-binding name="modcluster" port="0" multicast-address="224.0.1.105" multicast-port="20018"/>
        <socket-binding name="txn-recovery-environment" port="20019"/>
        <socket-binding name="txn-status-manager" port="20020"/>
    </socket-binding-group>
    <deployments>
        <deployment name="bi_sc_uwrules_services.ear" runtime-name="bi_sc_uwrules_services.ear">
            <content sha1="7258be5514a240dd39474e0afffbe18bf161f8b0"/>
        </deployment>
        <deployment name="SPRulesServer.ear" runtime-name="SPRulesServer.ear">
            <content sha1="0c460e1c361c419354af26eb275aa1d90077bb05"/>
        </deployment>
        <deployment name="WCRulesServer.ear" runtime-name="WCRulesServer.ear">
            <content sha1="44148d177cad30470c838102ac98c61ec7daa661"/>
        </deployment>
    </deployments>
</server>